S.No,Item ID,Item Name,Category,Selling Price (INR),Estimated Cost (INR),Estimated Profit (INR),Margin (%),Status,Image Path,Description
1,"m_spicy_gyro","Spicy Gyro","Gyros",199,0,199,"100%","Available","/images/menu/gyro.png","Spicy gyro wrap (Choose: Chicken or Paneer)"
2,"m_creamy_gyro","Creamy Gyro","Gyros",199,0,199,"100%","Available","/images/menu/gyro.png","Creamy tzatziki gyro wrap (Choose: Chicken or Paneer)"
3,"m_bbq_gyro","BBQ Gyro","Gyros",199,0,199,"100%","Available","/images/menu/gyro.png","Rich BBQ gyro wrap (Choose: Chicken or Paneer)"
4,"m_signature_gyro","Signature Gyro","Gyros",199,0,199,"100%","Available","/images/menu/gyro.png","TDG signature gyro wrap with secret sauce (Choose: Chicken or Paneer)"
5,"m_legthigh_1pc","1 Pc Leg & Thigh (1 Dip)","Leg & Thigh",70,0,70,"100%","Available","/images/menu/leg_thigh.png","1 Pc Crispy Leg & Thigh + 1 Choice Dip"
6,"m_legthigh_2pc","2 Pc Leg & Thigh (1 Dip)","Leg & Thigh",140,0,140,"100%","Available","/images/menu/leg_thigh.png","2 Pc Crispy Leg & Thigh + 1 Choice Dip"
7,"m_legthigh_4pc","4 Pc Leg & Thigh (2 Dips)","Leg & Thigh",280,0,280,"100%","Available","/images/menu/leg_thigh.png","4 Pc Crispy Leg & Thigh + 2 Choice Dips"
8,"m_legthigh_8pc","8 Pc Leg & Thigh (4 Dips)","Leg & Thigh",560,0,560,"100%","Available","/images/menu/leg_thigh.png","8 Pc Crispy Leg & Thigh + 4 Choice Dips"
9,"m_legthigh_12pc","12 Pc Leg & Thigh (6 Dips)","Leg & Thigh",840,0,840,"100%","Available","/images/menu/leg_thigh.png","12 Pc Crispy Leg & Thigh + 6 Choice Dips"
10,"m_wings_3pc","3 Pc Wings (1 Dip)","Wings",90,0,90,"100%","Available","/images/menu/wings.png","3 Pc Crispy Chicken Wings + 1 Choice Dip"
11,"m_wings_6pc","6 Pc Wings (2 Dips)","Wings",180,0,180,"100%","Available","/images/menu/wings.png","6 Pc Crispy Chicken Wings + 2 Choice Dips"
12,"m_wings_9pc","9 Pc Wings (3 Dips)","Wings",270,0,270,"100%","Available","/images/menu/wings.png","9 Pc Crispy Chicken Wings + 3 Choice Dips"
13,"m_wings_20pc","20 Pc Wings (6 Dips)","Wings",600,0,600,"100%","Available","/images/menu/wings.png","20 Pc Crispy Chicken Wings + 6 Choice Dips"
14,"m_strips_3pc","3 Pc Strips (1 Dip)","Strips",120,0,120,"100%","Available","/images/menu/strips.png","3 Pc Crispy Chicken Strips + 1 Choice Dip"
15,"m_strips_6pc","6 Pc Strips (2 Dips)","Strips",240,0,240,"100%","Available","/images/menu/strips.png","6 Pc Crispy Chicken Strips + 2 Choice Dips"
16,"m_strips_9pc","9 Pc Strips (3 Dips)","Strips",360,0,360,"100%","Available","/images/menu/strips.png","9 Pc Crispy Chicken Strips + 3 Choice Dips"
17,"m_strips_20pc","20 Pc Strips (6 Dips)","Strips",800,0,800,"100%","Available","/images/menu/strips.png","20 Pc Crispy Chicken Strips + 6 Choice Dips"
18,"m_fries_std","Fries","Fries",99,0,99,"100%","Available","/images/menu/fries.png","Crispy golden French fries (Choose seasoning: Salted, Peri Peri, or Cajun)"
19,"m_loaded_fries","Loaded Fries","Fries",199,0,199,"100%","Available","/images/menu/loaded fries.png","Loaded Fries topped with melted cheese & sauces (Choose protein: Chicken or Paneer)"
20,"m_sprite_reg","Sprite (Regular)","Beverages",59,0,59,"100%","Available","/images/menu/express meal.png","Sprite 330ml Regular"
21,"m_sprite_lrg","Sprite (Large)","Beverages",99,0,99,"100%","Available","/images/menu/express meal.png","Sprite 500ml Large"
22,"m_cocacola_reg","Coca Cola (Regular)","Beverages",59,0,59,"100%","Available","/images/menu/express meal.png","Coca Cola 330ml Regular"
23,"m_cocacola_lrg","Coca Cola (Large)","Beverages",99,0,99,"100%","Available","/images/menu/express meal.png","Coca Cola 500ml Large"
24,"m_icetea_reg","Ice Tea (Regular)","Beverages",59,0,59,"100%","Available","/images/menu/ice tea - lime.png","Refreshing Ice Tea - Peach or Lime (Regular)"
25,"m_icetea_lrg","Ice Tea (Large)","Beverages",99,0,99,"100%","Available","/images/menu/ice tea - lime.png","Refreshing Ice Tea - Peach or Lime (Large)"
26,"m_hot_chocolate","Hot Chocolate","Beverages",99,0,99,"100%","Available","/images/menu/Hot Chocolate.png","Rich Warm Hot Chocolate"
27,"m_signature_tea","Signature Tea","Beverages",99,0,99,"100%","Available","/images/menu/Signature tea.png","Special TDG Signature Brewed Tea"
28,"m_rice_bowl","Rice Bowl (Signature)","Rice & Salads",199,0,199,"100%","Available","/images/menu/lebanese rice bowl.png","Signature Lebanese Rice Bowl with fresh herbs & toppings (Choose: Chicken or Paneer)"
29,"m_signature_salad","Signature Salad","Rice & Salads",149,0,149,"100%","Available","/images/menu/signature salad.png","Fresh Mediterranean Signature Salad with dressing (Choose: Chicken or Paneer)"
30,"m_express_meal","Express Meal","Meals & Combos",249,0,249,"100%","Available","/images/menu/express meal.png","Gyro & Regular Drink"
31,"m_sig_gyro_meal","Signature Gyro Meal","Meals & Combos",279,0,279,"100%","Available","/images/menu/signature gyro meal.png","Gyro, Fries, Regular Drink"
32,"m_lebanese_rice_box","Lebanese Rice Box","Meals & Combos",299,0,299,"100%","Available","/images/menu/lebanese rice box.png","Lebanese rice, Fries, Regular Drink"
33,"m_classic_gyro_meal","Classic Gyro Meal","Meals & Combos",349,0,349,"100%","Available","/images/menu/classic gyro meal.png","Gyro, 2 Wings, Fries, Regular Drink, 1 Dip"
34,"m_duo_gyro_feast","Duo Gyro Feast","Meals & Combos",449,0,449,"100%","Available","/images/menu/duo gyro feast.png","2 Gyros, Fries, 2 Regular Drinks"
35,"m_double_crunch_box","Double Crunch Box","Meals & Combos",699,0,699,"100%","Available","/images/menu/double crunch box.png","2 Gyros, 6 Wings, Fries, 2 Regular Drinks"
36,"m_mega_feast_meal","Mega Feast Meal","Meals & Combos",799,0,799,"100%","Available","/images/menu/mega feast meal.png","2 Gyros, 2 Leg & Thighs, 2 Wings, 2 Strips, Fries, 2 Regular Drinks, 3 Dips"
37,"m_dens_party_meal","Den's Party Meal","Meals & Combos",1049,0,1049,"100%","Available","/images/menu/den's party meal.png","2 Gyros, 6 Wings, 4 Leg & Thighs, 2 Fries, 3 Regular Drinks"
38,"m_super5_bucket","Super 5 Bucket","Meals & Combos",1299,0,1299,"100%","Available","/images/menu/super 5 bucket.png","5 Leg & Thighs, 10 Wings, 10 Strips, 5 Regular Drinks"
39,"m_pmax_gyro","Protein Max Gyro","Protein Max",299,0,299,"100%","Available","/images/menu/protein max.png","High Protein Gyro (Choose: Chicken or Paneer)"
40,"m_pmax_rice","Protein Max Rice Bowl","Protein Max",299,0,299,"100%","Available","/images/menu/protein max.png","High Protein Rice Bowl (Choose: Chicken or Paneer)"
41,"m_pmax_salad","Protein Max Salad","Protein Max",299,0,299,"100%","Available","/images/menu/protein max.png","High Protein Mediterranean Salad (Choose: Chicken or Paneer)"
42,"m_vanilla_shake_reg","Vanilla Shake (Regular)","Shakes",120,0,120,"100%","Available","/images/menu/vanilla shake.png","Classic Vanilla Shake (Ask for White Chocolate)"
43,"m_vanilla_shake_lrg","Vanilla Shake (Large)","Shakes",199,0,199,"100%","Available","/images/menu/vanilla shake.png","Large Vanilla Shake (Ask for White Chocolate)"
44,"m_strawberry_shake_reg","Strawberry Shake (Regular)","Shakes",120,0,120,"100%","Available","/images/menu/strawberry shake.png","Fresh Strawberry Shake Regular"
45,"m_strawberry_shake_lrg","Strawberry Shake (Large)","Shakes",199,0,199,"100%","Available","/images/menu/strawberry shake.png","Fresh Strawberry Shake Large"
46,"m_biscoff_shake_reg","Biscoff Shake (Regular)","Shakes",120,0,120,"100%","Available","/images/menu/biscoff shake.png","Lotus Biscoff Shake Regular"
47,"m_biscoff_shake_lrg","Biscoff Shake (Large)","Shakes",199,0,199,"100%","Available","/images/menu/biscoff shake.png","Lotus Biscoff Shake Large"
48,"m_chocolate_shake_reg","Chocolate Shake (Regular)","Shakes",120,0,120,"100%","Available","/images/menu/chocolate shake.png","Rich Chocolate Shake Regular"
49,"m_chocolate_shake_lrg","Chocolate Shake (Large)","Shakes",199,0,199,"100%","Available","/images/menu/chocolate shake.png","Rich Chocolate Shake Large"
50,"m_kunafa_shake_reg","Kunafa Pistachio Shake - Signature (Regular)","Shakes",120,0,120,"100%","Available","/images/menu/kunafa pistachio shake.png","Signature Kunafa Pistachio Shake Regular"
51,"m_kunafa_shake_lrg","Kunafa Pistachio Shake - Signature (Large)","Shakes",199,0,199,"100%","Available","/images/menu/kunafa pistachio shake.png","Signature Kunafa Pistachio Shake Large"
52,"m_brownie","Chocolate Brownie","Desserts",99,0,99,"100%","Available","/images/menu/chcolate brownie.png","Fudgy Chocolate Brownie"
53,"m_blondie","Blondie Cake (Signature)","Desserts",99,0,99,"100%","Available","/images/menu/blondie cake.png","TDG Signature White Chocolate Blondie Cake"
54,"m_vanilla_softy","Vanilla Softy","Softy & Add-Ons",39,0,39,"100%","Available","/images/menu/vanilla softy.png","Creamy Vanilla Soft Serve Cone"
55,"m_dip_choice","Choice of Dip","Softy & Add-Ons",15,0,15,"100%","Available","/images/menu/garlic mayo.png","Choice of Dip (Garlic Mayo, Spicy Mayo, Honey Mustard, Tzatziki, Jalapeno Cheese, Turkish Chilli)"
56,"m_kombucha_mint","Mint Kombucha","Kombucha",120,0,120,"100%","Available","/images/menu/mint-kombucha.png","Refreshing Brewed Mint Kombucha 250ml"
57,"m_kombucha_hibiscus","Hibiscus Kombucha","Kombucha",120,0,120,"100%","Available","/images/menu/kombucha-hibiscus.png","Refreshing Brewed Hibiscus Kombucha 250ml"
58,"m_kombucha_classic","Classic Kombucha","Kombucha",120,0,120,"100%","Available","/images/menu/kombucha.png","Refreshing Brewed Classic Kombucha 250ml"
