Item ID,SKU Code,Item Name,Category,Base Price,Selling Price,Tax Rate %,Food Type,Status,Description
"m_spicy_gyro","","Spicy Gyro","","199","199","0","Non-Veg","Active","Spicy gyro wrap (Choose: Chicken or Paneer)"
"m_creamy_gyro","","Creamy Gyro","","199","199","0","Non-Veg","Active","Creamy tzatziki gyro wrap (Choose: Chicken or Paneer)"
"m_bbq_gyro","","BBQ Gyro","","199","199","0","Non-Veg","Active","Rich BBQ gyro wrap (Choose: Chicken or Paneer)"
"m_signature_gyro","","Signature Gyro","","199","199","0","Non-Veg","Active","TDG signature gyro wrap with secret sauce (Choose: Chicken or Paneer)"
"m_legthigh_1pc","","1 Pc Leg & Thigh (1 Dip)","","70","70","0","Non-Veg","Active","1 Pc Crispy Leg & Thigh + 1 Choice Dip"
"m_legthigh_2pc","","2 Pc Leg & Thigh (1 Dip)","","140","140","0","Non-Veg","Active","2 Pc Crispy Leg & Thigh + 1 Choice Dip"
"m_legthigh_4pc","","4 Pc Leg & Thigh (2 Dips)","","280","280","0","Non-Veg","Active","4 Pc Crispy Leg & Thigh + 2 Choice Dips"
"m_legthigh_8pc","","8 Pc Leg & Thigh (4 Dips)","","560","560","0","Non-Veg","Active","8 Pc Crispy Leg & Thigh + 4 Choice Dips"
"m_legthigh_12pc","","12 Pc Leg & Thigh (6 Dips)","","840","840","0","Non-Veg","Active","12 Pc Crispy Leg & Thigh + 6 Choice Dips"
"m_wings_3pc","","3 Pc Wings (1 Dip)","","90","90","0","Non-Veg","Active","3 Pc Crispy Chicken Wings + 1 Choice Dip"
"m_wings_6pc","","6 Pc Wings (2 Dips)","","180","180","0","Non-Veg","Active","6 Pc Crispy Chicken Wings + 2 Choice Dips"
"m_wings_9pc","","9 Pc Wings (3 Dips)","","270","270","0","Non-Veg","Active","9 Pc Crispy Chicken Wings + 3 Choice Dips"
"m_wings_20pc","","20 Pc Wings (6 Dips)","","600","600","0","Non-Veg","Active","20 Pc Crispy Chicken Wings + 6 Choice Dips"
"m_strips_3pc","","3 Pc Strips (1 Dip)","","120","120","0","Non-Veg","Active","3 Pc Crispy Chicken Strips + 1 Choice Dip"
"m_strips_6pc","","6 Pc Strips (2 Dips)","","240","240","0","Non-Veg","Active","6 Pc Crispy Chicken Strips + 2 Choice Dips"
"m_strips_9pc","","9 Pc Strips (3 Dips)","","360","360","0","Non-Veg","Active","9 Pc Crispy Chicken Strips + 3 Choice Dips"
"m_strips_20pc","","20 Pc Strips (6 Dips)","","800","800","0","Non-Veg","Active","20 Pc Crispy Chicken Strips + 6 Choice Dips"
"m_fries_std","","Fries","","99","99","0","Non-Veg","Active","Crispy golden French fries (Choose seasoning: Salted, Peri Peri, or Cajun)"
"m_loaded_fries","","Loaded Fries","","199","199","0","Non-Veg","Active","Loaded Fries topped with melted cheese & sauces (Choose protein: Chicken or Paneer)"
"m_sprite_reg","","Sprite (Regular)","","59","59","0","Non-Veg","Active","Sprite 330ml Regular"
"m_sprite_lrg","","Sprite (Large)","","99","99","0","Non-Veg","Active","Sprite 500ml Large"
"m_cocacola_reg","","Coca Cola (Regular)","","59","59","0","Non-Veg","Active","Coca Cola 330ml Regular"
"m_cocacola_lrg","","Coca Cola (Large)","","99","99","0","Non-Veg","Active","Coca Cola 500ml Large"
"m_icetea_reg","","Ice Tea (Regular)","","59","59","0","Non-Veg","Active","Refreshing Ice Tea - Peach or Lime (Regular)"
"m_icetea_lrg","","Ice Tea (Large)","","99","99","0","Non-Veg","Active","Refreshing Ice Tea - Peach or Lime (Large)"
"m_hot_chocolate","","Hot Chocolate","","99","99","0","Non-Veg","Active","Rich Warm Hot Chocolate"
"m_signature_tea","","Signature Tea","","99","99","0","Non-Veg","Active","Special TDG Signature Brewed Tea"
"m_rice_bowl","","Rice Bowl (Signature)","","199","199","0","Non-Veg","Active","Signature Lebanese Rice Bowl with fresh herbs & toppings (Choose: Chicken or Paneer)"
"m_signature_salad","","Signature Salad","","149","149","0","Non-Veg","Active","Fresh Mediterranean Signature Salad with dressing (Choose: Chicken or Paneer)"
"m_express_meal","","Express Meal","","249","249","0","Non-Veg","Active","Gyro & Regular Drink"
"m_sig_gyro_meal","","Signature Gyro Meal","","279","279","0","Non-Veg","Active","Gyro, Fries, Regular Drink"
"m_lebanese_rice_box","","Lebanese Rice Box","","299","299","0","Non-Veg","Active","Lebanese rice, Fries, Regular Drink"
"m_wednesday_combo_1","","Wednesday Combo - 1","","349","349","0","Non-Veg","Active","3 Leg and Thigh, 8 strips, 4 wings."
"m_wednesday_combo_2","","Wednesday Combo - 2","","379","379","0","Non-Veg","Active","1 Gyro, 2 Leg and Thigh, 2 Wings, 2 Strips"
"m_classic_gyro_meal","","Classic Gyro Meal","","349","349","0","Non-Veg","Active","Gyro, 2 Wings, Fries, Regular Drink, 1 Dip"
"m_duo_gyro_feast","","Duo Gyro Feast","","449","449","0","Non-Veg","Active","2 Gyros, Fries, 2 Regular Drinks"
"m_double_crunch_box","","Double Crunch Box","","699","699","0","Non-Veg","Active","2 Gyros, 6 Wings, Fries, 2 Regular Drinks"
"m_mega_feast_meal","","Mega Feast Meal","","799","799","0","Non-Veg","Active","2 Gyros, 2 Leg & Thighs, 2 Wings, 2 Strips, Fries, 2 Regular Drinks, 3 Dips"
"m_dens_party_meal","","Den's Party Meal","","1049","1049","0","Non-Veg","Active","2 Gyros, 6 Wings, 4 Leg & Thighs, 2 Fries, 3 Regular Drinks"
"m_super5_bucket","","Super 5 Bucket","","1299","1299","0","Non-Veg","Active","5 Leg & Thighs, 10 Wings, 10 Strips, 5 Regular Drinks"
"m_pmax_gyro","","Protein Max Gyro","","299","299","0","Non-Veg","Active","High Protein Gyro (Choose: Chicken or Paneer)"
"m_pmax_rice","","Protein Max Rice Bowl","","299","299","0","Non-Veg","Active","High Protein Rice Bowl (Choose: Chicken or Paneer)"
"m_pmax_salad","","Protein Max Salad","","299","299","0","Non-Veg","Active","High Protein Mediterranean Salad (Choose: Chicken or Paneer)"
"m_vanilla_shake_reg","","Vanilla Shake (Regular)","","120","120","0","Non-Veg","Active","Classic Vanilla Shake (Ask for White Chocolate)"
"m_vanilla_shake_lrg","","Vanilla Shake (Large)","","199","199","0","Non-Veg","Active","Large Vanilla Shake (Ask for White Chocolate)"
"m_strawberry_shake_reg","","Strawberry Shake (Regular)","","120","120","0","Non-Veg","Active","Fresh Strawberry Shake Regular"
"m_strawberry_shake_lrg","","Strawberry Shake (Large)","","199","199","0","Non-Veg","Active","Fresh Strawberry Shake Large"
"m_biscoff_shake_reg","","Biscoff Shake (Regular)","","120","120","0","Non-Veg","Active","Lotus Biscoff Shake Regular"
"m_biscoff_shake_lrg","","Biscoff Shake (Large)","","199","199","0","Non-Veg","Active","Lotus Biscoff Shake Large"
"m_chocolate_shake_reg","","Chocolate Shake (Regular)","","120","120","0","Non-Veg","Active","Rich Chocolate Shake Regular"
"m_chocolate_shake_lrg","","Chocolate Shake (Large)","","199","199","0","Non-Veg","Active","Rich Chocolate Shake Large"
"m_kunafa_shake_reg","","Kunafa Pistachio Shake - Signature (Regular)","","120","120","0","Non-Veg","Active","Signature Kunafa Pistachio Shake Regular"
"m_kunafa_shake_lrg","","Kunafa Pistachio Shake - Signature (Large)","","199","199","0","Non-Veg","Active","Signature Kunafa Pistachio Shake Large"
"m_brownie","","Chocolate Brownie","","99","99","0","Non-Veg","Active","Fudgy Chocolate Brownie"
"m_blondie","","Blondie Cake (Signature)","","99","99","0","Non-Veg","Active","TDG Signature White Chocolate Blondie Cake"
"m_vanilla_softy","","Vanilla Softy","","37.15","37.15","0","Non-Veg","Active","Creamy Vanilla Soft Serve Cone"
"m_dip_choice","","Choice of Dip","","14.3","14.3","0","Non-Veg","Active","Choice of Dip (Garlic Mayo, Spicy Mayo, Honey Mustard, Tzatziki, Jalapeno Cheese, Turkish Chilli)"
"m_kombucha_mint","","Mint Kombucha","","120","120","0","Non-Veg","Active","Mint Kombucha 250ml"
"m_kombucha_hibiscus","","Hibiscus Kombucha","","120","120","0","Non-Veg","Active","Hibiscus Kombucha 250ml"
"m_kombucha_classic","","Classic Kombucha","","120","120","0","Non-Veg","Active","Classic Kombucha 250ml"
"m_nc_gyro_fries","","Gyro & Fries","New Combo","249","249","0","Non-Veg","Active","1 Gyro + Fries"
"m_nc_rice_meal","","Lebanese Rice Bowl Meal","New Combo","299","299","0","Non-Veg","Active","1 Lebanese Rice Bowl + 2 Wings + 1 Beverage"
"m_nc_gyro_meal","","Gyro Meal","New Combo","329","329","0","Non-Veg","Active","1 Gyro + 2 Strips + Fries + 1 Pepsi"
"m_nc_13pc_bucket","","13 Pc Mixed Chicken Bucket","New Combo","379","379","0","Non-Veg","Active","8 Wings + 5 Strips + 4 Dips"
"m_nc_strips_bucket","","Chicken Strips Bucket","New Combo","399","399","0","Non-Veg","Active","12 Strips + 3 Dips"
"m_nc_peri_leg_bucket","","Peri Peri Leg Bucket","New Combo","549","549","0","Non-Veg","Active","8 Pc Peri Peri Leg + 3 Dips"
"m_nc_double_gyro_feast","","Double Gyro Feast","New Combo","649","649","0","Non-Veg","Active","2 Gyros + 6 Wings + Fries + 2 Drinks + 2 Dips"
"m_nc_ultimate_savings","","Ultimate Savings Bucket","New Combo","599","599","0","Non-Veg","Active","4 Leg + 6 Wings + 4 Strips + 4 Dips + 500 ml Coke/Sprite"
"m_nc_mixed_feast","","Mixed Feast","New Combo","749","749","0","Non-Veg","Active","2 Gyros + 2 Leg + 2 Strips + 4 Wings + Fries + 500 ml Coke/Sprite + 3 Dips"
