Recipe ID,Menu Item ID/Name,Ingredient Name,Quantity,Unit,Unit Cost,Estimated Cost
"r_m53a","COLA 330ML","","1","kg","24","0"
"r_m53a","COLA 330ML","","0.06","kg","6","0"
"r_m53a","COLA 330ML","","1","pc","5.49","0"
"r_m53a","COLA 330ML","","1","pc","0.93","0"
"r_m53a","COLA 330ML","","1","unit","3.2","0"
"r_m54a","SPRITE 330ML","","1","kg","24","0"
"r_m54a","SPRITE 330ML","","0.06","kg","6","0"
"r_m54a","SPRITE 330ML","","1","pc","5.49","0"
"r_m54a","SPRITE 330ML","","1","pc","0.93","0"
"r_m54a","SPRITE 330ML","","1","unit","3.2","0"
"r_m53b","COLA 650ML","","2","kg","24","0"
"r_m53b","COLA 650ML","","0.12","kg","6","0"
"r_m53b","COLA 650ML","","1","pc","6.85","0"
"r_m53b","COLA 650ML","","1","pc","0.93","0"
"r_m53b","COLA 650ML","","1","unit","3.2","0"
"r_m54b","SPRITE 650ML","","2","kg","24","0"
"r_m54b","SPRITE 650ML","","0.12","kg","6","0"
"r_m54b","SPRITE 650ML","","1","pc","6.85","0"
"r_m54b","SPRITE 650ML","","1","pc","0.93","0"
"r_m54b","SPRITE 650ML","","1","unit","3.2","0"
"r_m56a","Lime 330ml","","0.03","kg","550","0"
"r_m56a","Lime 330ml","","0.15","kg","6","0"
"r_m56a","Lime 330ml","","1","pc","5.49","0"
"r_m56a","Lime 330ml","","1","pc","1.1","0"
"r_m56a","Lime 330ml","","1","unit","3.2","0"
"r_m55a","Peach 330ml","","0.03","kg","550","0"
"r_m55a","Peach 330ml","","0.15","kg","6","0"
"r_m55a","Peach 330ml","","1","pc","5.49","0"
"r_m55a","Peach 330ml","","1","pc","1.1","0"
"r_m55a","Peach 330ml","","1","unit","3.2","0"
"r_m56b","Lime 650ml","","0.06","kg","550","0"
"r_m56b","Lime 650ml","","0.3","kg","6","0"
"r_m56b","Lime 650ml","","1","pc","8.09","0"
"r_m56b","Lime 650ml","","1","pc","1.1","0"
"r_m56b","Lime 650ml","","1","unit","3.2","0"
"r_m55b","Peach 650ml","","0.06","kg","550","0"
"r_m55b","Peach 650ml","","0.3","kg","6","0"
"r_m55b","Peach 650ml","","1","pc","8.09","0"
"r_m55b","Peach 650ml","","1","pc","1.1","0"
"r_m55b","Peach 650ml","","1","unit","3.2","0"
"r_m60","CHOCOLATE BROWNIE","","0.017","kg","754.29","0"
"r_m60","CHOCOLATE BROWNIE","","0.025","kg","391.82","0"
"r_m60","CHOCOLATE BROWNIE","","0.333","pc","6.3","0"
"r_m60","CHOCOLATE BROWNIE","","0.001","kg","484.75","0"
"r_m60","CHOCOLATE BROWNIE","","0.017","kg","48.19","0"
"r_m60","CHOCOLATE BROWNIE","","0.017","kg","44.77","0"
"r_m60","CHOCOLATE BROWNIE","","0.008","kg","230","0"
"r_m60","CHOCOLATE BROWNIE","","0.005","kg","328","0"
"r_m60","CHOCOLATE BROWNIE","","1","pc","2.92","0"
"r_m60","CHOCOLATE BROWNIE","","1","pc","1.68","0"
"r_m60","CHOCOLATE BROWNIE","","2","pc","0.27","0"
"r_m60","CHOCOLATE BROWNIE","","1","pc","6.65","0"
"r_m60","CHOCOLATE BROWNIE","","1","unit","3.2","0"
"r_m61","BLONDIE CAKE","","0.017","kg","754.29","0"
"r_m61","BLONDIE CAKE","","0.03","kg","391.82","0"
"r_m61","BLONDIE CAKE","","0.333","pc","6.3","0"
"r_m61","BLONDIE CAKE","","0.001","kg","484.75","0"
"r_m61","BLONDIE CAKE","","0.025","kg","48.19","0"
"r_m61","BLONDIE CAKE","","0.017","kg","44.77","0"
"r_m61","BLONDIE CAKE","","1","pc","2.92","0"
"r_m61","BLONDIE CAKE","","1","pc","1.68","0"
"r_m61","BLONDIE CAKE","","2","pc","0.27","0"
"r_m61","BLONDIE CAKE","","1","pc","6.65","0"
"r_m61","BLONDIE CAKE","","1","unit","3.2","0"
"r_m11","PESTO GYRO (MINI)","","0.008","kg","20","0"
"r_m11","PESTO GYRO (MINI)","","0.003","kg","377.12","0"
"r_m11","PESTO GYRO (MINI)","","0.03","kg","48.19","0"
"r_m11","PESTO GYRO (MINI)","","0.08","kg","44.77","0"
"r_m11","PESTO GYRO (MINI)","","0.03","kg","30","0"
"r_m11","PESTO GYRO (MINI)","","0.02","kg","256.37","0"
"r_m11","PESTO GYRO (MINI)","","0.01","kg","273","0"
"r_m11","PESTO GYRO (MINI)","","0.01","kg","33","0"
"r_m11","PESTO GYRO (MINI)","","0.01","kg","73.5","0"
"r_m11","PESTO GYRO (MINI)","","0.01","kg","84","0"
"r_m11","PESTO GYRO (MINI)","","0.01","kg","775","0"
"r_m11","PESTO GYRO (MINI)","","0.01","kg","330","0"
"r_m11","PESTO GYRO (MINI)","","0.05","kg","381.75","0"
"r_m11","PESTO GYRO (MINI)","","0.005","kg","28.96","0"
"r_m11","PESTO GYRO (MINI)","","0.005","kg","352.27","0"
"r_m11","PESTO GYRO (MINI)","","0.005","kg","43.65","0"
"r_m11","PESTO GYRO (MINI)","","2","pc","0.27","0"
"r_m11","PESTO GYRO (MINI)","","1","pc","1.55","0"
"r_m11","PESTO GYRO (MINI)","","1","pc","3.67","0"
"r_m11","PESTO GYRO (MINI)","","1","pc","6.65","0"
"r_m11","PESTO GYRO (MINI)","","1","unit","15.95","0"
"r_m12","PESTO GYRO (SIGNATURE)","","0.015","kg","20","0"
"r_m12","PESTO GYRO (SIGNATURE)","","0.006","kg","377.12","0"
"r_m12","PESTO GYRO (SIGNATURE)","","0.05","kg","48.19","0"
"r_m12","PESTO GYRO (SIGNATURE)","","0.08","kg","44.77","0"
"r_m12","PESTO GYRO (SIGNATURE)","","0.06","kg","30","0"
"r_m12","PESTO GYRO (SIGNATURE)","","0.03","kg","256.37","0"
"r_m12","PESTO GYRO (SIGNATURE)","","0.01","kg","273","0"
"r_m12","PESTO GYRO (SIGNATURE)","","0.01","kg","33","0"
"r_m12","PESTO GYRO (SIGNATURE)","","0.01","kg","73.5","0"
"r_m12","PESTO GYRO (SIGNATURE)","","0.01","kg","84","0"
"r_m12","PESTO GYRO (SIGNATURE)","","0.01","kg","775","0"
"r_m12","PESTO GYRO (SIGNATURE)","","0.01","kg","330","0"
"r_m12","PESTO GYRO (SIGNATURE)","","0.1","kg","381.75","0"
"r_m12","PESTO GYRO (SIGNATURE)","","0.01","kg","28.96","0"
"r_m12","PESTO GYRO (SIGNATURE)","","0.01","kg","352.27","0"
"r_m12","PESTO GYRO (SIGNATURE)","","0.01","kg","43.65","0"
"r_m12","PESTO GYRO (SIGNATURE)","","2","pc","0.27","0"
"r_m12","PESTO GYRO (SIGNATURE)","","1","pc","1.55","0"
"r_m12","PESTO GYRO (SIGNATURE)","","1","pc","3.67","0"
"r_m12","PESTO GYRO (SIGNATURE)","","1","pc","6.65","0"
"r_m12","PESTO GYRO (SIGNATURE)","","1","unit","15.95","0"
"r_m13","CRISPY CHICKEN 4 PCS","","0.16","kg","39.25","0"
"r_m13","CRISPY CHICKEN 4 PCS","","0.016","kg","560","0"
"r_m13","CRISPY CHICKEN 4 PCS","","0.024","kg","181.58","0"
"r_m13","CRISPY CHICKEN 4 PCS","","0.4","kg","250","0"
"r_m13","CRISPY CHICKEN 4 PCS","","1","pc","7.44","0"
"r_m13","CRISPY CHICKEN 4 PCS","","1","pc","4.64","0"
"r_m13","CRISPY CHICKEN 4 PCS","","2","pc","0.27","0"
"r_m13","CRISPY CHICKEN 4 PCS","","1","pc","6.65","0"
"r_m13","CRISPY CHICKEN 4 PCS","","1","unit","3.2","0"
"r_m14","CRISPY CHICKEN 8 PCS","","0.32","kg","39.25","0"
"r_m14","CRISPY CHICKEN 8 PCS","","0.032","kg","560","0"
"r_m14","CRISPY CHICKEN 8 PCS","","0.048","kg","181.58","0"
"r_m14","CRISPY CHICKEN 8 PCS","","0.8","kg","250","0"
"r_m14","CRISPY CHICKEN 8 PCS","","2","pc","7.44","0"
"r_m14","CRISPY CHICKEN 8 PCS","","2","pc","4.64","0"
"r_m14","CRISPY CHICKEN 8 PCS","","4","pc","0.27","0"
"r_m14","CRISPY CHICKEN 8 PCS","","1","pc","6.65","0"
"r_m14","CRISPY CHICKEN 8 PCS","","1","unit","3.2","0"
"r_m15","CRISPY CHICKEN 12 PCS","","0.48","kg","39.25","0"
"r_m15","CRISPY CHICKEN 12 PCS","","0.048","kg","560","0"
"r_m15","CRISPY CHICKEN 12 PCS","","0.072","kg","181.58","0"
"r_m15","CRISPY CHICKEN 12 PCS","","1.2","kg","250","0"
"r_m15","CRISPY CHICKEN 12 PCS","","3","pc","7.44","0"
"r_m15","CRISPY CHICKEN 12 PCS","","3","pc","4.64","0"
"r_m15","CRISPY CHICKEN 12 PCS","","6","pc","0.27","0"
"r_m15","CRISPY CHICKEN 12 PCS","","1","pc","6.65","0"
"r_m15","CRISPY CHICKEN 12 PCS","","1","unit","3.2","0"
"r_m16","CRISPY WINGS 3 PCS","","0.036","kg","39.25","0"
"r_m16","CRISPY WINGS 3 PCS","","0.012","kg","560","0"
"r_m16","CRISPY WINGS 3 PCS","","0.018","kg","181.58","0"
"r_m16","CRISPY WINGS 3 PCS","","0.105","kg","185.71","0"
"r_m16","CRISPY WINGS 3 PCS","","1","pc","6.11","0"
"r_m16","CRISPY WINGS 3 PCS","","2","pc","0.27","0"
"r_m16","CRISPY WINGS 3 PCS","","1","pc","6.65","0"
"r_m16","CRISPY WINGS 3 PCS","","1","unit","3.2","0"
"r_m17","CRISPY WINGS 6 PCS","","0.072","kg","39.25","0"
"r_m17","CRISPY WINGS 6 PCS","","0.024","kg","560","0"
"r_m17","CRISPY WINGS 6 PCS","","0.036","kg","181.58","0"
"r_m17","CRISPY WINGS 6 PCS","","0.21","kg","185.71","0"
"r_m17","CRISPY WINGS 6 PCS","","1","pc","6.11","0"
"r_m17","CRISPY WINGS 6 PCS","","2","pc","0.27","0"
"r_m17","CRISPY WINGS 6 PCS","","1","pc","6.65","0"
"r_m17","CRISPY WINGS 6 PCS","","1","unit","3.2","0"
"r_m18","CRISPY WINGS 9 PCS","","0.108","kg","39.25","0"
"r_m18","CRISPY WINGS 9 PCS","","0.036","kg","560","0"
"r_m18","CRISPY WINGS 9 PCS","","0.054","kg","181.58","0"
"r_m18","CRISPY WINGS 9 PCS","","0.315","kg","185.71","0"
"r_m18","CRISPY WINGS 9 PCS","","2","pc","6.11","0"
"r_m18","CRISPY WINGS 9 PCS","","3","pc","0.27","0"
"r_m18","CRISPY WINGS 9 PCS","","1","pc","6.65","0"
"r_m18","CRISPY WINGS 9 PCS","","1","unit","3.2","0"
"r_m19","CRISPY WINGS 20 PCS","","0.24","kg","39.25","0"
"r_m19","CRISPY WINGS 20 PCS","","0.08","kg","560","0"
"r_m19","CRISPY WINGS 20 PCS","","0.12","kg","181.58","0"
"r_m19","CRISPY WINGS 20 PCS","","0.7","kg","185.71","0"
"r_m19","CRISPY WINGS 20 PCS","","4","pc","6.11","0"
"r_m19","CRISPY WINGS 20 PCS","","4","pc","0.27","0"
"r_m19","CRISPY WINGS 20 PCS","","2","pc","6.65","0"
"r_m19","CRISPY WINGS 20 PCS","","2","unit","3.2","0"
"r_m20","CRISPY WINGS 60 PCS","","0.6","kg","39.25","0"
"r_m20","CRISPY WINGS 60 PCS","","0.2","kg","560","0"
"r_m20","CRISPY WINGS 60 PCS","","0.3","kg","181.58","0"
"r_m20","CRISPY WINGS 60 PCS","","1.75","kg","185.71","0"
"r_m20","CRISPY WINGS 60 PCS","","9","pc","6.11","0"
"r_m20","CRISPY WINGS 60 PCS","","10","pc","0.27","0"
"r_m20","CRISPY WINGS 60 PCS","","3","pc","6.65","0"
"r_m20","CRISPY WINGS 60 PCS","","5","unit","3.2","0"
"r_m21","CRISPY STRIPS 3 PCS","","0.036","kg","39.25","0"
"r_m21","CRISPY STRIPS 3 PCS","","0.012","kg","560","0"
"r_m21","CRISPY STRIPS 3 PCS","","0.018","kg","181.58","0"
"r_m21","CRISPY STRIPS 3 PCS","","0.09","kg","350","0"
"r_m21","CRISPY STRIPS 3 PCS","","1","pc","2.92","0"
"r_m21","CRISPY STRIPS 3 PCS","","2","pc","0.27","0"
"r_m21","CRISPY STRIPS 3 PCS","","1","pc","6.65","0"
"r_m21","CRISPY STRIPS 3 PCS","","1","unit","3.2","0"
"r_m22","CRISPY STRIPS 6 PCS","","0.072","kg","39.25","0"
"r_m22","CRISPY STRIPS 6 PCS","","0.024","kg","560","0"
"r_m22","CRISPY STRIPS 6 PCS","","0.036","kg","181.58","0"
"r_m22","CRISPY STRIPS 6 PCS","","0.18","kg","350","0"
"r_m22","CRISPY STRIPS 6 PCS","","1","pc","2.92","0"
"r_m22","CRISPY STRIPS 6 PCS","","2","pc","0.27","0"
"r_m22","CRISPY STRIPS 6 PCS","","1","pc","6.65","0"
"r_m22","CRISPY STRIPS 6 PCS","","1","unit","3.2","0"
"r_m23","CRISPY STRIPS 9 PCS","","0.108","kg","39.25","0"
"r_m23","CRISPY STRIPS 9 PCS","","0.036","kg","560","0"
"r_m23","CRISPY STRIPS 9 PCS","","0.054","kg","181.58","0"
"r_m23","CRISPY STRIPS 9 PCS","","0.27","kg","350","0"
"r_m23","CRISPY STRIPS 9 PCS","","2","pc","2.92","0"
"r_m23","CRISPY STRIPS 9 PCS","","3","pc","0.27","0"
"r_m23","CRISPY STRIPS 9 PCS","","1","pc","6.65","0"
"r_m23","CRISPY STRIPS 9 PCS","","1","unit","3.2","0"
"r_m24","CRISPY STRIPS 20 PCS","","0.24","kg","39.25","0"
"r_m24","CRISPY STRIPS 20 PCS","","0.08","kg","560","0"
"r_m24","CRISPY STRIPS 20 PCS","","0.12","kg","181.58","0"
"r_m24","CRISPY STRIPS 20 PCS","","0.6","kg","350","0"
"r_m24","CRISPY STRIPS 20 PCS","","3","pc","2.92","0"
"r_m24","CRISPY STRIPS 20 PCS","","4","pc","0.27","0"
"r_m24","CRISPY STRIPS 20 PCS","","2","pc","6.65","0"
"r_m24","CRISPY STRIPS 20 PCS","","2","unit","3.2","0"
"r_m25","CRISPY STRIPS 60 PCS","","0.72","kg","39.25","0"
"r_m25","CRISPY STRIPS 60 PCS","","0.24","kg","560","0"
"r_m25","CRISPY STRIPS 60 PCS","","0.36","kg","181.58","0"
"r_m25","CRISPY STRIPS 60 PCS","","1.8","kg","350","0"
"r_m25","CRISPY STRIPS 60 PCS","","6","pc","2.92","0"
"r_m25","CRISPY STRIPS 60 PCS","","10","pc","0.27","0"
"r_m25","CRISPY STRIPS 60 PCS","","3","pc","6.65","0"
"r_m25","CRISPY STRIPS 60 PCS","","5","unit","3.2","0"
"r_m1","SPICY GYRO (MINI)","","0.015","kg","20","0"
"r_m1","SPICY GYRO (MINI)","","0.01","kg","377.12","0"
"r_m1","SPICY GYRO (MINI)","","0.05","kg","48.19","0"
"r_m1","SPICY GYRO (MINI)","","0.04","kg","44.77","0"
"r_m1","SPICY GYRO (MINI)","","0.06","kg","30","0"
"r_m1","SPICY GYRO (MINI)","","0.03","kg","256.37","0"
"r_m1","SPICY GYRO (MINI)","","0.01","kg","272","0"
"r_m1","SPICY GYRO (MINI)","","0.01","kg","33","0"
"r_m1","SPICY GYRO (MINI)","","0.01","kg","73.5","0"
"r_m1","SPICY GYRO (MINI)","","0.01","kg","84","0"
"r_m1","SPICY GYRO (MINI)","","0.01","kg","775","0"
"r_m1","SPICY GYRO (MINI)","","0.01","kg","330","0"
"r_m1","SPICY GYRO (MINI)","","0.05","kg","301.89","0"
"r_m1","SPICY GYRO (MINI)","","0.01","kg","28.96","0"
"r_m1","SPICY GYRO (MINI)","","0.01","kg","352.27","0"
"r_m1","SPICY GYRO (MINI)","","0.01","kg","43.65","0"
"r_m1","SPICY GYRO (MINI)","","2","pc","0.27","0"
"r_m1","SPICY GYRO (MINI)","","1","pc","1.55","0"
"r_m1","SPICY GYRO (MINI)","","1","pc","3.67","0"
"r_m1","SPICY GYRO (MINI)","","1","pc","6.05","0"
"r_m1","SPICY GYRO (MINI)","","1","unit","15.95","0"
"r_m2","SPICY GYRO (SIGNATURE)","","0.015","kg","20","0"
"r_m2","SPICY GYRO (SIGNATURE)","","0.01","kg","377.12","0"
"r_m2","SPICY GYRO (SIGNATURE)","","0.05","kg","48.19","0"
"r_m2","SPICY GYRO (SIGNATURE)","","0.08","kg","44.77","0"
"r_m2","SPICY GYRO (SIGNATURE)","","0.06","kg","30","0"
"r_m2","SPICY GYRO (SIGNATURE)","","0.03","kg","256.37","0"
"r_m2","SPICY GYRO (SIGNATURE)","","0.01","kg","272","0"
"r_m2","SPICY GYRO (SIGNATURE)","","0.01","kg","33","0"
"r_m2","SPICY GYRO (SIGNATURE)","","0.01","kg","73.5","0"
"r_m2","SPICY GYRO (SIGNATURE)","","0.01","kg","84","0"
"r_m2","SPICY GYRO (SIGNATURE)","","0.01","kg","775","0"
"r_m2","SPICY GYRO (SIGNATURE)","","0.01","kg","330","0"
"r_m2","SPICY GYRO (SIGNATURE)","","0.1","kg","301.89","0"
"r_m2","SPICY GYRO (SIGNATURE)","","0.01","kg","28.96","0"
"r_m2","SPICY GYRO (SIGNATURE)","","0.01","kg","352.27","0"
"r_m2","SPICY GYRO (SIGNATURE)","","0.01","kg","43.65","0"
"r_m2","SPICY GYRO (SIGNATURE)","","2","pc","0.27","0"
"r_m2","SPICY GYRO (SIGNATURE)","","1","pc","1.55","0"
"r_m2","SPICY GYRO (SIGNATURE)","","1","pc","3.67","0"
"r_m2","SPICY GYRO (SIGNATURE)","","1","pc","6.05","0"
"r_m2","SPICY GYRO (SIGNATURE)","","1","unit","15.95","0"
"r_m3","CREAMY GYRO (MINI)","","0.015","kg","20","0"
"r_m3","CREAMY GYRO (MINI)","","0.006","kg","377.12","0"
"r_m3","CREAMY GYRO (MINI)","","0.05","kg","48.19","0"
"r_m3","CREAMY GYRO (MINI)","","0.04","kg","44.77","0"
"r_m3","CREAMY GYRO (MINI)","","0.06","kg","30","0"
"r_m3","CREAMY GYRO (MINI)","","0.03","kg","256.37","0"
"r_m3","CREAMY GYRO (MINI)","","0.01","kg","273","0"
"r_m3","CREAMY GYRO (MINI)","","0.01","kg","33","0"
"r_m3","CREAMY GYRO (MINI)","","0.01","kg","73.5","0"
"r_m3","CREAMY GYRO (MINI)","","0.01","kg","84","0"
"r_m3","CREAMY GYRO (MINI)","","0.01","kg","775","0"
"r_m3","CREAMY GYRO (MINI)","","0.01","kg","330","0"
"r_m3","CREAMY GYRO (MINI)","","0.05","kg","274","0"
"r_m3","CREAMY GYRO (MINI)","","0.01","kg","28.96","0"
"r_m3","CREAMY GYRO (MINI)","","0.01","kg","352.27","0"
"r_m3","CREAMY GYRO (MINI)","","0.01","kg","43.65","0"
"r_m3","CREAMY GYRO (MINI)","","2","pc","0.27","0"
"r_m3","CREAMY GYRO (MINI)","","1","pc","1.55","0"
"r_m3","CREAMY GYRO (MINI)","","1","pc","3.67","0"
"r_m3","CREAMY GYRO (MINI)","","1","pc","6.65","0"
"r_m3","CREAMY GYRO (MINI)","","1","unit","15.95","0"
"r_m4","CREAMY GYRO (SIGNATURE)","","0.015","kg","20","0"
"r_m4","CREAMY GYRO (SIGNATURE)","","0.006","kg","377.12","0"
"r_m4","CREAMY GYRO (SIGNATURE)","","0.05","kg","48.19","0"
"r_m4","CREAMY GYRO (SIGNATURE)","","0.08","kg","44.77","0"
"r_m4","CREAMY GYRO (SIGNATURE)","","0.06","kg","30","0"
"r_m4","CREAMY GYRO (SIGNATURE)","","0.03","kg","256.37","0"
"r_m4","CREAMY GYRO (SIGNATURE)","","0.01","kg","273","0"
"r_m4","CREAMY GYRO (SIGNATURE)","","0.01","kg","33","0"
"r_m4","CREAMY GYRO (SIGNATURE)","","0.01","kg","73.5","0"
"r_m4","CREAMY GYRO (SIGNATURE)","","0.01","kg","84","0"
"r_m4","CREAMY GYRO (SIGNATURE)","","0.01","kg","775","0"
"r_m4","CREAMY GYRO (SIGNATURE)","","0.01","kg","330","0"
"r_m4","CREAMY GYRO (SIGNATURE)","","0.1","kg","274","0"
"r_m4","CREAMY GYRO (SIGNATURE)","","0.01","kg","28.96","0"
"r_m4","CREAMY GYRO (SIGNATURE)","","0.01","kg","352.27","0"
"r_m4","CREAMY GYRO (SIGNATURE)","","0.01","kg","43.65","0"
"r_m4","CREAMY GYRO (SIGNATURE)","","2","pc","0.27","0"
"r_m4","CREAMY GYRO (SIGNATURE)","","1","pc","1.55","0"
"r_m4","CREAMY GYRO (SIGNATURE)","","1","pc","3.67","0"
"r_m4","CREAMY GYRO (SIGNATURE)","","1","pc","6.65","0"
"r_m4","CREAMY GYRO (SIGNATURE)","","1","unit","15.95","0"
"r_m5","BBQ GYRO (MINI)","","0.015","kg","20","0"
"r_m5","BBQ GYRO (MINI)","","0.006","kg","377.12","0"
"r_m5","BBQ GYRO (MINI)","","0.05","kg","48.19","0"
"r_m5","BBQ GYRO (MINI)","","0.04","kg","44.77","0"
"r_m5","BBQ GYRO (MINI)","","0.06","kg","30","0"
"r_m5","BBQ GYRO (MINI)","","0.03","kg","256.37","0"
"r_m5","BBQ GYRO (MINI)","","0.01","kg","273","0"
"r_m5","BBQ GYRO (MINI)","","0.01","kg","33","0"
"r_m5","BBQ GYRO (MINI)","","0.01","kg","73.5","0"
"r_m5","BBQ GYRO (MINI)","","0.01","kg","84","0"
"r_m5","BBQ GYRO (MINI)","","0.01","kg","775","0"
"r_m5","BBQ GYRO (MINI)","","0.01","kg","330","0"
"r_m5","BBQ GYRO (MINI)","","0.05","kg","420.4","0"
"r_m5","BBQ GYRO (MINI)","","0.01","kg","28.96","0"
"r_m5","BBQ GYRO (MINI)","","0.01","kg","352.27","0"
"r_m5","BBQ GYRO (MINI)","","0.01","kg","43.65","0"
"r_m5","BBQ GYRO (MINI)","","2","pc","0.27","0"
"r_m5","BBQ GYRO (MINI)","","1","pc","1.55","0"
"r_m5","BBQ GYRO (MINI)","","1","pc","3.67","0"
"r_m5","BBQ GYRO (MINI)","","1","pc","6.65","0"
"r_m5","BBQ GYRO (MINI)","","1","unit","15.95","0"
"r_m6","BBQ GYRO (SIGNATURE)","","0.015","kg","20","0"
"r_m6","BBQ GYRO (SIGNATURE)","","0.006","kg","377.12","0"
"r_m6","BBQ GYRO (SIGNATURE)","","0.05","kg","48.19","0"
"r_m6","BBQ GYRO (SIGNATURE)","","0.08","kg","44.77","0"
"r_m6","BBQ GYRO (SIGNATURE)","","0.06","kg","30","0"
"r_m6","BBQ GYRO (SIGNATURE)","","0.03","kg","256.37","0"
"r_m6","BBQ GYRO (SIGNATURE)","","0.01","kg","273","0"
"r_m6","BBQ GYRO (SIGNATURE)","","0.01","kg","33","0"
"r_m6","BBQ GYRO (SIGNATURE)","","0.01","kg","73.5","0"
"r_m6","BBQ GYRO (SIGNATURE)","","0.01","kg","84","0"
"r_m6","BBQ GYRO (SIGNATURE)","","0.01","kg","775","0"
"r_m6","BBQ GYRO (SIGNATURE)","","0.01","kg","330","0"
"r_m6","BBQ GYRO (SIGNATURE)","","0.1","kg","420.4","0"
"r_m6","BBQ GYRO (SIGNATURE)","","0.01","kg","28.96","0"
"r_m6","BBQ GYRO (SIGNATURE)","","0.01","kg","352.27","0"
"r_m6","BBQ GYRO (SIGNATURE)","","0.01","kg","43.65","0"
"r_m6","BBQ GYRO (SIGNATURE)","","2","pc","0.27","0"
"r_m6","BBQ GYRO (SIGNATURE)","","1","pc","1.55","0"
"r_m6","BBQ GYRO (SIGNATURE)","","1","pc","3.67","0"
"r_m6","BBQ GYRO (SIGNATURE)","","1","pc","6.65","0"
"r_m6","BBQ GYRO (SIGNATURE)","","1","unit","15.95","0"
"r_m26a","FRENCH FRIES","","0.25","kg","50","0"
"r_m26a","FRENCH FRIES","","0.015","kg","181.58","0"
"r_m26a","FRENCH FRIES","","0.005","kg","30","0"
"r_m26a","FRENCH FRIES","","1","pc","6.82","0"
"r_m26a","FRENCH FRIES","","1","pc","6.45","0"
"r_m26a","FRENCH FRIES","","2","pc","0.27","0"
"r_m26a","FRENCH FRIES","","1","pc","6.65","0"
"r_m26a","FRENCH FRIES","","1","unit","7.42","0"
"r_m26b","PERI PERI FRIES","","0.25","kg","50","0"
"r_m26b","PERI PERI FRIES","","0.015","kg","181.58","0"
"r_m26b","PERI PERI FRIES","","0.008","kg","586.7","0"
"r_m26b","PERI PERI FRIES","","1","pc","6.55","0"
"r_m26b","PERI PERI FRIES","","1","pc","6.45","0"
"r_m26b","PERI PERI FRIES","","2","pc","0.27","0"
"r_m26b","PERI PERI FRIES","","1","pc","6.65","0"
"r_m26b","PERI PERI FRIES","","1","unit","7.42","0"
"r_m26c","KAJU FRIES","","0.25","kg","50","0"
"r_m26c","KAJU FRIES","","0.015","kg","181.58","0"
"r_m26c","KAJU FRIES","","0.008","kg","600","0"
"r_m26c","KAJU FRIES","","1","pc","6.55","0"
"r_m26c","KAJU FRIES","","1","pc","6.45","0"
"r_m26c","KAJU FRIES","","2","pc","0.27","0"
"r_m26c","KAJU FRIES","","1","pc","6.65","0"
"r_m26c","KAJU FRIES","","1","unit","7.42","0"
"r_m42","VANILLA SHAKE REGULAR","","0.25","L","65.6","0"
"r_m42","VANILLA SHAKE REGULAR","","0.03","kg","270","0"
"r_m42","VANILLA SHAKE REGULAR","","1","pc","5","0"
"r_m42","VANILLA SHAKE REGULAR","","1","pc","0.7","0"
"r_m42","VANILLA SHAKE REGULAR","","1","unit","11.87","0"
"r_m43","VANILLA SHAKE LARGE","","0.4","L","65.6","0"
"r_m43","VANILLA SHAKE LARGE","","0.05","kg","270","0"
"r_m43","VANILLA SHAKE LARGE","","1","pc","6.5","0"
"r_m43","VANILLA SHAKE LARGE","","1","pc","0.7","0"
"r_m43","VANILLA SHAKE LARGE","","1","unit","11.87","0"
"r_m44","STRAWBERRY SHAKE REGULAR","","0.25","L","65.6","0"
"r_m44","STRAWBERRY SHAKE REGULAR","","0.03","kg","280","0"
"r_m44","STRAWBERRY SHAKE REGULAR","","1","pc","5","0"
"r_m44","STRAWBERRY SHAKE REGULAR","","1","pc","0.7","0"
"r_m44","STRAWBERRY SHAKE REGULAR","","1","unit","11.87","0"
"r_m45","STRAWBERRY SHAKE LARGE","","0.4","L","65.6","0"
"r_m45","STRAWBERRY SHAKE LARGE","","0.05","kg","280","0"
"r_m45","STRAWBERRY SHAKE LARGE","","1","pc","6.5","0"
"r_m45","STRAWBERRY SHAKE LARGE","","1","pc","0.7","0"
"r_m45","STRAWBERRY SHAKE LARGE","","1","unit","11.87","0"
"r_m46","BISCOFF SHAKE REGULAR","","0.25","L","65.6","0"
"r_m46","BISCOFF SHAKE REGULAR","","0.03","kg","750","0"
"r_m46","BISCOFF SHAKE REGULAR","","1","pc","5","0"
"r_m46","BISCOFF SHAKE REGULAR","","1","pc","0.7","0"
"r_m46","BISCOFF SHAKE REGULAR","","1","unit","11.87","0"
"r_m47","BISCOFF SHAKE LARGE","","0.4","L","65.6","0"
"r_m47","BISCOFF SHAKE LARGE","","0.05","kg","750","0"
"r_m47","BISCOFF SHAKE LARGE","","1","pc","6.5","0"
"r_m47","BISCOFF SHAKE LARGE","","1","pc","0.7","0"
"r_m47","BISCOFF SHAKE LARGE","","1","unit","11.87","0"
"r_m48","CHOCOLATE SHAKE REGULAR","","0.25","L","65.6","0"
"r_m48","CHOCOLATE SHAKE REGULAR","","0.03","kg","320","0"
"r_m48","CHOCOLATE SHAKE REGULAR","","1","pc","5","0"
"r_m48","CHOCOLATE SHAKE REGULAR","","1","pc","0.7","0"
"r_m48","CHOCOLATE SHAKE REGULAR","","1","unit","11.87","0"
"r_m49","CHOCOLATE SHAKE LARGE","","0.4","L","65.6","0"
"r_m49","CHOCOLATE SHAKE LARGE","","0.05","kg","320","0"
"r_m49","CHOCOLATE SHAKE LARGE","","1","pc","6.5","0"
"r_m49","CHOCOLATE SHAKE LARGE","","1","pc","0.7","0"
"r_m49","CHOCOLATE SHAKE LARGE","","1","unit","11.87","0"
"r_m50","KUNAFA PISTACHIO SHAKE REGULAR","","0.25","L","65.6","0"
"r_m50","KUNAFA PISTACHIO SHAKE REGULAR","","0.03","kg","950","0"
"r_m50","KUNAFA PISTACHIO SHAKE REGULAR","","1","pc","5","0"
"r_m50","KUNAFA PISTACHIO SHAKE REGULAR","","1","pc","0.7","0"
"r_m50","KUNAFA PISTACHIO SHAKE REGULAR","","1","unit","11.87","0"
"r_m51","KUNAFA PISTACHIO SHAKE LARGE","","0.4","L","65.6","0"
"r_m51","KUNAFA PISTACHIO SHAKE LARGE","","0.05","kg","950","0"
"r_m51","KUNAFA PISTACHIO SHAKE LARGE","","1","pc","6.5","0"
"r_m51","KUNAFA PISTACHIO SHAKE LARGE","","1","pc","0.7","0"
"r_m51","KUNAFA PISTACHIO SHAKE LARGE","","1","unit","11.87","0"
"r_m52","VANILLA SOFTY","","0.1","L","65","0"
"r_m52","VANILLA SOFTY","","1","pc","3.5","0"
"r_m52","VANILLA SOFTY","","1","pc","0.27","0"
"r_m52","VANILLA SOFTY","","1","unit","3.5","0"
"r_m57","HOT CHOCOLATE","","0.2","L","53.6","0"
"r_m57","HOT CHOCOLATE","","0.025","kg","450","0"
"r_m57","HOT CHOCOLATE","","1","pc","3.5","0"
"r_m57","HOT CHOCOLATE","","2","pc","0.27","0"
"r_m57","HOT CHOCOLATE","","1","unit","7.42","0"
"r_m58","SIGNATURE TEA","","0.15","L","53.6","0"
"r_m58","SIGNATURE TEA","","0.01","kg","696","0"
"r_m58","SIGNATURE TEA","","1","pc","3.5","0"
"r_m58","SIGNATURE TEA","","2","pc","0.27","0"
"r_m58","SIGNATURE TEA","","1","unit","5.96","0"
"r_m59a","MINT KOMBUCHA","","0.25","L","120","0"
"r_m59a","MINT KOMBUCHA","","0.02","kg","125","0"
"r_m59a","MINT KOMBUCHA","","1","pc","7.5","0"
"r_m59a","MINT KOMBUCHA","","1","unit","5","0"
"r_m59b","HIBISCUS KOMBUCHA","","0.25","L","120","0"
"r_m59b","HIBISCUS KOMBUCHA","","0.02","kg","125","0"
"r_m59b","HIBISCUS KOMBUCHA","","1","pc","7.5","0"
"r_m59b","HIBISCUS KOMBUCHA","","1","unit","5","0"
"r_m59c","GINGER KOMBUCHA","","0.25","L","120","0"
"r_m59c","GINGER KOMBUCHA","","0.02","kg","125","0"
"r_m59c","GINGER KOMBUCHA","","1","pc","7.5","0"
"r_m59c","GINGER KOMBUCHA","","1","unit","5","0"
"r_m59d","BUTTERFLY PEA KOMBUCHA","","0.25","L","120","0"
"r_m59d","BUTTERFLY PEA KOMBUCHA","","0.02","kg","125","0"
"r_m59d","BUTTERFLY PEA KOMBUCHA","","1","pc","7.5","0"
"r_m59d","BUTTERFLY PEA KOMBUCHA","","1","unit","5","0"
"r_m7","PERI PERI GYRO (MINI)","","0.04","kg","44.77","0"
"r_m7","PERI PERI GYRO (MINI)","","0.05","kg","400","0"
"r_m7","PERI PERI GYRO (MINI)","","0.04","kg","248.15","0"
"r_m7","PERI PERI GYRO (MINI)","","1","pc","12.41","0"
"r_m7","PERI PERI GYRO (MINI)","","1","unit","15.95","0"
"r_m8","PERI PERI GYRO (SIGNATURE)","","0.08","kg","44.77","0"
"r_m8","PERI PERI GYRO (SIGNATURE)","","0.1","kg","400","0"
"r_m8","PERI PERI GYRO (SIGNATURE)","","0.04","kg","248.15","0"
"r_m8","PERI PERI GYRO (SIGNATURE)","","1","pc","12.41","0"
"r_m8","PERI PERI GYRO (SIGNATURE)","","1","unit","15.95","0"
"r_m9","SIGNATURE GYRO (MINI)","","0.08","kg","44.77","0"
"r_m9","SIGNATURE GYRO (MINI)","","0.1","kg","400","0"
"r_m9","SIGNATURE GYRO (MINI)","","0.04","kg","248.15","0"
"r_m9","SIGNATURE GYRO (MINI)","","1","pc","12.41","0"
"r_m9","SIGNATURE GYRO (MINI)","","1","unit","15.95","0"
"r_m10","SIGNATURE GYRO (SIGNATURE)","","0.08","kg","44.77","0"
"r_m10","SIGNATURE GYRO (SIGNATURE)","","0.1","kg","400","0"
"r_m10","SIGNATURE GYRO (SIGNATURE)","","0.04","kg","248.15","0"
"r_m10","SIGNATURE GYRO (SIGNATURE)","","1","pc","12.41","0"
"r_m10","SIGNATURE GYRO (SIGNATURE)","","1","unit","15.95","0"
"r_m27a","RECIPE - LOADED CHICKEN FRIES","","0.25","kg","50","0"
"r_m27a","RECIPE - LOADED CHICKEN FRIES","","0.08","kg","300","0"
"r_m27a","RECIPE - LOADED CHICKEN FRIES","","0.03","kg","547","0"
"r_m27a","RECIPE - LOADED CHICKEN FRIES","","1","pc","15","0"
"r_m27a","RECIPE - LOADED CHICKEN FRIES","","1","unit","10","0"
"r_m27b","RECIPE - LOADED PANEER FRIES","","0.25","kg","50","0"
"r_m27b","RECIPE - LOADED PANEER FRIES","","0.08","kg","300","0"
"r_m27b","RECIPE - LOADED PANEER FRIES","","0.03","kg","547","0"
"r_m27b","RECIPE - LOADED PANEER FRIES","","1","pc","15","0"
"r_m27b","RECIPE - LOADED PANEER FRIES","","1","unit","10","0"
"r_m28a","RECIPE - LEBANESE RICE BOWL (CHICKEN)","","0.2","kg","60","0"
"r_m28a","RECIPE - LEBANESE RICE BOWL (CHICKEN)","","0.1","kg","300","0"
"r_m28a","RECIPE - LEBANESE RICE BOWL (CHICKEN)","","0.03","kg","168.43","0"
"r_m28a","RECIPE - LEBANESE RICE BOWL (CHICKEN)","","1","pc","12","0"
"r_m28a","RECIPE - LEBANESE RICE BOWL (CHICKEN)","","1","unit","12","0"
"r_m28b","RECIPE - LEBANESE RICE BOWL (PANEER)","","0.2","kg","60","0"
"r_m28b","RECIPE - LEBANESE RICE BOWL (PANEER)","","0.1","kg","300","0"
"r_m28b","RECIPE - LEBANESE RICE BOWL (PANEER)","","0.03","kg","168.43","0"
"r_m28b","RECIPE - LEBANESE RICE BOWL (PANEER)","","1","pc","12","0"
"r_m28b","RECIPE - LEBANESE RICE BOWL (PANEER)","","1","unit","12","0"
"r_m29a","RECIPE - SIGNATURE SALAD (CHICKEN)","","0.2","kg","60","0"
"r_m29a","RECIPE - SIGNATURE SALAD (CHICKEN)","","0.1","kg","300","0"
"r_m29a","RECIPE - SIGNATURE SALAD (CHICKEN)","","0.03","kg","168.43","0"
"r_m29a","RECIPE - SIGNATURE SALAD (CHICKEN)","","1","pc","12","0"
"r_m29a","RECIPE - SIGNATURE SALAD (CHICKEN)","","1","unit","12","0"
"r_m29b","RECIPE - SIGNATURE SALAD (PANEER)","","0.2","kg","60","0"
"r_m29b","RECIPE - SIGNATURE SALAD (PANEER)","","0.1","kg","300","0"
"r_m29b","RECIPE - SIGNATURE SALAD (PANEER)","","0.03","kg","168.43","0"
"r_m29b","RECIPE - SIGNATURE SALAD (PANEER)","","1","pc","12","0"
"r_m29b","RECIPE - SIGNATURE SALAD (PANEER)","","1","unit","12","0"
"r_m30","RECIPE - EXPRESS MEAL","","1","portion","37.25","0"
"r_m30","RECIPE - EXPRESS MEAL","","1","pc","7.45","0"
"r_m30","RECIPE - EXPRESS MEAL","","1","unit","5.96","0"
"r_m31","RECIPE - CLASSIC GYRO MEAL","","0.04","kg","44.77","0"
"r_m31","RECIPE - CLASSIC GYRO MEAL","","0.05","kg","400","0"
"r_m31","RECIPE - CLASSIC GYRO MEAL","","0.04","kg","248.15","0"
"r_m31","RECIPE - CLASSIC GYRO MEAL","","1","pc","12.41","0"
"r_m31","RECIPE - CLASSIC GYRO MEAL","","1","unit","15.95","0"
"r_m32","RECIPE - SIGNATURE GYRO MEAL","","0.08","kg","44.77","0"
"r_m32","RECIPE - SIGNATURE GYRO MEAL","","0.1","kg","400","0"
"r_m32","RECIPE - SIGNATURE GYRO MEAL","","0.04","kg","248.15","0"
"r_m32","RECIPE - SIGNATURE GYRO MEAL","","1","pc","12.41","0"
"r_m32","RECIPE - SIGNATURE GYRO MEAL","","1","unit","15.95","0"
"r_m33","RECIPE - LEBANESE RICE BOX","","0.2","kg","60","0"
"r_m33","RECIPE - LEBANESE RICE BOX","","0.1","kg","300","0"
"r_m33","RECIPE - LEBANESE RICE BOX","","0.03","kg","168.43","0"
"r_m33","RECIPE - LEBANESE RICE BOX","","1","pc","12","0"
"r_m33","RECIPE - LEBANESE RICE BOX","","1","unit","12","0"
"r_m34","RECIPE - DUO GYRO FEAST","","0.04","kg","44.77","0"
"r_m34","RECIPE - DUO GYRO FEAST","","0.05","kg","400","0"
"r_m34","RECIPE - DUO GYRO FEAST","","0.04","kg","248.15","0"
"r_m34","RECIPE - DUO GYRO FEAST","","1","pc","12.41","0"
"r_m34","RECIPE - DUO GYRO FEAST","","1","unit","15.95","0"
"r_m35","RECIPE - DOUBLE CRUNCH BOX","","1","portion","124.75","0"
"r_m35","RECIPE - DOUBLE CRUNCH BOX","","1","pc","24.95","0"
"r_m35","RECIPE - DOUBLE CRUNCH BOX","","1","unit","19.96","0"
"r_m36","RECIPE - MEGA FEAST MEAL","","1","portion","162.25","0"
"r_m36","RECIPE - MEGA FEAST MEAL","","1","pc","32.45","0"
"r_m36","RECIPE - MEGA FEAST MEAL","","1","unit","25.96","0"
"r_m37","RECIPE - DEN'S PARTY MEAL","","1","portion","224.75","0"
"r_m37","RECIPE - DEN'S PARTY MEAL","","1","pc","44.95","0"
"r_m37","RECIPE - DEN'S PARTY MEAL","","1","unit","35.96","0"
"r_m38","RECIPE - SUPER 5 BUCKET","","1","portion","324.75","0"
"r_m38","RECIPE - SUPER 5 BUCKET","","1","pc","64.95","0"
"r_m38","RECIPE - SUPER 5 BUCKET","","1","unit","51.96","0"
"r_m39","GYRO - PROTEIN MAX","","0.04","kg","44.77","0"
"r_m39","GYRO - PROTEIN MAX","","0.05","kg","400","0"
"r_m39","GYRO - PROTEIN MAX","","0.04","kg","248.15","0"
"r_m39","GYRO - PROTEIN MAX","","1","pc","12.41","0"
"r_m39","GYRO - PROTEIN MAX","","1","unit","15.95","0"
"r_m40a","RECIPE - LEBANESE RICE - PROTEIN MAX (CHICKEN)","","0.2","kg","60","0"
"r_m40a","RECIPE - LEBANESE RICE - PROTEIN MAX (CHICKEN)","","0.1","kg","300","0"
"r_m40a","RECIPE - LEBANESE RICE - PROTEIN MAX (CHICKEN)","","0.03","kg","168.43","0"
"r_m40a","RECIPE - LEBANESE RICE - PROTEIN MAX (CHICKEN)","","1","pc","12","0"
"r_m40a","RECIPE - LEBANESE RICE - PROTEIN MAX (CHICKEN)","","1","unit","12","0"
"r_m40b","RECIPE - LEBANESE RICE - PROTEIN MAX (PANEER)","","0.2","kg","60","0"
"r_m40b","RECIPE - LEBANESE RICE - PROTEIN MAX (PANEER)","","0.1","kg","300","0"
"r_m40b","RECIPE - LEBANESE RICE - PROTEIN MAX (PANEER)","","0.03","kg","168.43","0"
"r_m40b","RECIPE - LEBANESE RICE - PROTEIN MAX (PANEER)","","1","pc","12","0"
"r_m40b","RECIPE - LEBANESE RICE - PROTEIN MAX (PANEER)","","1","unit","12","0"
"r_m41a","RECIPE - SALAD - PROTEIN MAX (CHICKEN)","","0.2","kg","60","0"
"r_m41a","RECIPE - SALAD - PROTEIN MAX (CHICKEN)","","0.1","kg","300","0"
"r_m41a","RECIPE - SALAD - PROTEIN MAX (CHICKEN)","","0.03","kg","168.43","0"
"r_m41a","RECIPE - SALAD - PROTEIN MAX (CHICKEN)","","1","pc","12","0"
"r_m41a","RECIPE - SALAD - PROTEIN MAX (CHICKEN)","","1","unit","12","0"
"r_m41b","RECIPE - SALAD - PROTEIN MAX (PANEER)","","0.2","kg","60","0"
"r_m41b","RECIPE - SALAD - PROTEIN MAX (PANEER)","","0.1","kg","300","0"
"r_m41b","RECIPE - SALAD - PROTEIN MAX (PANEER)","","0.03","kg","168.43","0"
"r_m41b","RECIPE - SALAD - PROTEIN MAX (PANEER)","","1","pc","12","0"
"r_m41b","RECIPE - SALAD - PROTEIN MAX (PANEER)","","1","unit","12","0"
"r_m62a","RECIPE - TURKISH CHILLI DIP","","0.03","kg","168.43","0"
"r_m62a","RECIPE - TURKISH CHILLI DIP","","1","pc","1.77","0"
"r_m62a","RECIPE - TURKISH CHILLI DIP","","1","unit","1","0"
"r_m62b","RECIPE - JALAPENO CHEESE DIP","","0.03","kg","168.43","0"
"r_m62b","RECIPE - JALAPENO CHEESE DIP","","1","pc","1.77","0"
"r_m62b","RECIPE - JALAPENO CHEESE DIP","","1","unit","1","0"
"r_m62c","RECIPE - GARLIC MAYO DIP","","0.03","kg","168.43","0"
"r_m62c","RECIPE - GARLIC MAYO DIP","","1","pc","1.77","0"
"r_m62c","RECIPE - GARLIC MAYO DIP","","1","unit","1","0"
"r_m62d","RECIPE - SPICY MAYO DIP","","0.03","kg","168.43","0"
"r_m62d","RECIPE - SPICY MAYO DIP","","1","pc","1.77","0"
"r_m62d","RECIPE - SPICY MAYO DIP","","1","unit","1","0"
"r_m62e","RECIPE - PERI PERI DIP","","0.03","kg","168.43","0"
"r_m62e","RECIPE - PERI PERI DIP","","1","pc","1.77","0"
"r_m62e","RECIPE - PERI PERI DIP","","1","unit","1","0"
"r_m62f","RECIPE - HONEY MUSTARD DIP","","0.03","kg","168.43","0"
"r_m62f","RECIPE - HONEY MUSTARD DIP","","1","pc","1.77","0"
"r_m62f","RECIPE - HONEY MUSTARD DIP","","1","unit","1","0"
